mentee_id	name	no_1	no_2	no_3	no_4	no_5	degree	mentor_response	email	note
M001	name0	A08	A43	A49	A26	A67	MSc		mentee0@email.com	
M002	name1	B12	E01	E25	E20	E12	MSc		mentee1@email.com	
M003	name2	A60	A46	A15	A39	E21	MSc		mentee2@email.com	
M004	name3	E20	E18	E01	E12	E25	MSc		mentee3@email.com	
M005	name4	E30	E01	E22	E17	E25	MSc		mentee4@email.com	
M006	name5	E30	E22	E25	E18	E35	MSc		mentee5@email.com	
M007	name6	E25	E27	E29	E18	E01	MSc		mentee6@email.com	
M008	name7	D18	B24	D10			MSc		mentee7@email.com	
M009	name8	A67	A43	A52	A66	A53	MSc		mentee8@email.com	
M010	name9	E33	B39	E29	E27	B42	MSc		mentee9@email.com	
M011	name10	E18	E25	E01	E12	E21	MSc		mentee10@email.com	
M012	name11	E21	E27	E25	E13	E33	MSc		mentee11@email.com	
M013	name12	B39	B01	B06	B18	B23	MSc		mentee12@email.com	
M014	name13	E01	E25	E12	E20	E33	MSc		mentee13@email.com	
M015	name14	A43	A67	A20	A26	A66	MSc		mentee14@email.com	
M016	name15	E20	E11				MSc		mentee15@email.com	
M017	name16	A01	A02	A03	A04	A05	MSc		mentee16@email.com	
M018	name17	E12	A47	A56	A49	E13	MSc		mentee17@email.com	
M019	name18	E18	E20	E01	E25	E21	MSc		mentee18@email.com	
M020	name19	E29	E33	E34	E32	E27	MSc		mentee19@email.com	
M021	name20	B32	B48	B16	B01	B44	MSc		mentee20@email.com	
M022	name21	A45	A07	A59	A38	A51	MSc		mentee21@email.com	
M023	name22	A15	A39	A58	A66	A42	MSc		mentee22@email.com	
M024	name23	A67	A43	A48	A06	A33	MSc		mentee23@email.com	
M025	name24	E29	E30	E01	C13	E35	MSc		mentee24@email.com	
M026	name25	D09	D02	D22	D13	D01	MSc		mentee25@email.com	
M027	name26	E29	E01	A43	E18	E20	MSc		mentee26@email.com	
M028	name27	A43	A67	A47	A38	A48	MSc		mentee27@email.com	
M029	name28	A25	A23	A24	A26	A27	MSc		mentee28@email.com	
M030	name29	E01	E25	E19	E22	E17	MSc		mentee29@email.com	
M031	name30	E01	E12	E18	E25	E20	MSc		mentee30@email.com	
M032	name31	E20	E18	E25	E12	E01	MSc		mentee31@email.com	
M033	name32	E29	E28	E05	E27	E25	MSc		mentee32@email.com	
M034	name33	B01	C11	B42	B41	B57	MSc		mentee33@email.com	
M035	name34	B32	B01	B39	B49	B08	MSc		mentee34@email.com	
M036	name35	E12	E01	E20	E18	E13	MSc		mentee35@email.com	
M037	name36	A36	A34	A37	A33	A04	MSc		mentee36@email.com	
M038	name37	A16	A65	A31	A06	A07	MSc		mentee37@email.com	
M039	name38	B39	B14	E08	B06	B34	MSc		mentee38@email.com	
M040	name39	A46	A02	A61	A64	A65	MSc		mentee39@email.com	
M041	name40	B53	D13	D09	D22	A18	MSc		mentee40@email.com	
M042	name41	A43	A67	A48	A54	A46	MSc		mentee41@email.com	
M043	name42	E28	E29	E27	E05	E10	MSc		mentee42@email.com	
M044	name43	E20	E12	E18	E13	E01	MSc		mentee43@email.com	
M045	name44	A43	A66	A67	A42	A52	MSc		mentee44@email.com	
M046	name45	D13	D08	D09	D01	D02	MSc		mentee45@email.com	
M047	name46	E35	E33	E34	E16	E32	MSc		mentee46@email.com	
M048	name47	A05	A36	A54			MSc		mentee47@email.com	
M049	name48	A18	A41	E20	A64	A15	MSc		mentee48@email.com	
M050	name49	E27	E33	E16	E29	E20	MSc		mentee49@email.com	
M051	name50	E01	E12	E13	E18	E25	MSc		mentee50@email.com	
M052	name51	A07	A16	A15	A31	A67	MSc		mentee51@email.com	
M053	name52	A43	A67	A42	A66	A05	MSc		mentee52@email.com	
M054	name53	A67	A66	A43	A50	A49	MSc		mentee53@email.com	
M055	name54	A60	A64				MSc		mentee54@email.com	
M056	name55	A01		A07	A16	A10	MSc		mentee55@email.com	
M057	name56	E29	E21	E08	E16	E27	MSc		mentee56@email.com	
M058	name57	A30	A42	B55	A16	D01	MSc		mentee57@email.com	
M059	name58	A43	A66	A67	A52	A53	MSc		mentee58@email.com	
M060	name59	E01	E25	E27	E18	E12	MSc		mentee59@email.com	
M061	name60	A22	A57	A18	A44	A54	MSc		mentee60@email.com	
M062	name61	E21	E20	E18	E25	E27	MSc		mentee61@email.com	
M063	name62	C07	C11	C12	C03	C02	MSc		mentee62@email.com	
M064	name63	E18	E19	E21	E22	E25	MSc		mentee63@email.com	
M065	name64	E01	E25	E18	E12	E20	MSc		mentee64@email.com	
M066	name65	E12	E01	E25	E18	E20	MSc		mentee65@email.com	
M067	name66	A36	A56	A35			MSc		mentee66@email.com	
M068	name67	E20	E25	E18	E12	E13	MSc		mentee67@email.com	
M069	name68	A38	A44	A09	A06	A10	MSc		mentee68@email.com	
M070	name69	B01	E26	B48	E01	E06	MSc		mentee69@email.com	
M071	name70	E01	E13	E19	E18	E25	MSc		mentee70@email.com	
M072	name71	A67	A43	A52	A24	A66	MSc		mentee71@email.com	
M073	name72	E25	E12	E20	E01	E18	MSc		mentee72@email.com	
M074	name73	E25	E29	E01	E12	E33	MSc		mentee73@email.com	
M075	name74	C20	E16	C28	B14	C03	MSc		mentee74@email.com	
M076	name75	A43	A67	A26	A47	A20	MSc		mentee75@email.com	
M077	name76	C14	A18	B34	B13	C01	MSc		mentee76@email.com	
M078	name77	E18	E22	E21	E19	E20	MSc		mentee77@email.com	
M079	name78	A07	A16	A08	A15	A01	MSc		mentee78@email.com	
M080	name79	B46	D16	B59	B49	B48	MSc		mentee79@email.com	
M081	name80	C28	C30	E13	E05	C17	MSc		mentee80@email.com	
M082	name81	A55	A64	A60	A40		MSc		mentee81@email.com	
M083	name82	E20	E01	E12	E06	E21	MSc		mentee82@email.com	
M084	name83	E27	E21	E12	E13	E18	MSc		mentee83@email.com	
M085	name84	A59	A45	A44	B58	A08	MSc		mentee84@email.com	
M086	name85	D03	D12	D09	D05	D06	MSc		mentee85@email.com	
M087	name86	E21	E12	E13	E18	E20	MSc		mentee86@email.com	
M088	name87	B15	B39	B45	B55	D04	MSc		mentee87@email.com	
P001	name88	B39	B46	B47	B54	B17	PhD		mentee88@email.com	
P002	name89	B12	B04	B07	B16	B53	PhD		mentee89@email.com	
P003	name90	A09	A13	C26		A10	PhD		mentee90@email.com	
P004	name91	B12	B04	B55	B38	B40	PhD		mentee91@email.com	
P005	name92	A26	A23	A40	A33	A34	PhD		mentee92@email.com	
P006	name93	B04	B16	B11	B32	B30	PhD		mentee93@email.com	
P007	name94	E12	E01	A47	E25	E04	PhD		mentee94@email.com	
P008	name95	A06	A56	A15	A58	A39	PhD		mentee95@email.com	
P009	name96	E22	E18	A15	A57	A22	PhD		mentee96@email.com	
P010	name97	B59	B40	B42	B36	B43	PhD		mentee97@email.com	
P011	name98	A13	B07	B46	B53	B54	PhD		mentee98@email.com	
P012	name99	C05	C04	C03	C10	C02	PhD		mentee99@email.com	
P013	name100	E22	E01	E18	E25	E19	PhD		mentee100@email.com	
P014	name101	B39	D20	B14	B21	B06	PhD		mentee101@email.com	
P015	name102	B18	A41	C16	D14	D18	PhD		mentee102@email.com	
P016	name103	A56	A47	E12			PhD		mentee103@email.com	
P017	name104	A07	A45	A28	A30	A29	PhD		mentee104@email.com	
P018	name105	D04	D06	B05	D05	B23	PhD		mentee105@email.com	
P019	name106	B55	B40	B31	B38	B44	PhD		mentee106@email.com	
P020	name107	D12	A30	A42	A07	D11	PhD		mentee107@email.com	
P021	name108	B40	B44	B16	B11	B20	PhD		mentee108@email.com	
P022	name109	B12	B16	B54	B17	B43	PhD		mentee109@email.com	
P023	name110	B20	B11	B14	B07	B12	PhD		mentee110@email.com	
P024	name111	D18	B24	D10	B09	B21	PhD		mentee111@email.com	
P025	name112	B03	B02	B04	B01	B06	PhD		mentee112@email.com	
P026	name113	D06	D04	B39	B38	B37	PhD		mentee113@email.com	
P027	name114	E07	E09	E02	E28	E35	PhD		mentee114@email.com	
P028	name115	E35	E29	E28	E30	E27	PhD		mentee115@email.com	
P029	name116	B19	B32	B45	B51	B13	PhD		mentee116@email.com	
P030	name117	C14	D01	D02	E20	A64	PhD		mentee117@email.com	
P031	name118	E11	E20	E08	E16	E31	PhD		mentee118@email.com	
P032	name119	B30	B40	B43	B29	B42	PhD		mentee119@email.com	
P033	name120	A10	A12	A06	A07	A14	PhD		mentee120@email.com	
P034	name121	B44	B10	B27	B50	B07	PhD		mentee121@email.com	
P035	name122	B40	B55	B41	B42	B31	PhD		mentee122@email.com	
P036	name123	C07	C11	C09	C08	C12	PhD		mentee123@email.com	
P037	name124	E35	E32	E01	E04	E26	PhD		mentee124@email.com	
P038	name125	D01	D13	D03	D09	D22	PhD		mentee125@email.com	
P039	name126	D06	D04	B45	B03	B32	PhD		mentee126@email.com	
P040	name127	B07	B16	B04	B12	B08	PhD		mentee127@email.com	
P041	name128	B40	D04	B45	B12	D06	PhD		mentee128@email.com	
P042	name129	B42	B40	B16	B59	B46	PhD		mentee129@email.com	
P043	name130	A37	A36	A35	A33	A34	PhD		mentee130@email.com	
P044	name131	B40	B59	B12	B43	B30	PhD		mentee131@email.com	
P045	name132	E06	E21	E18	E16	E35	PhD		mentee132@email.com	
P046	name133	B03	B30	B11	B35	B32	PhD		mentee133@email.com	
P047	name134	A05	A36	A40	A45	A44	PhD		mentee134@email.com	
P048	name135	B19	B20	B26	B51	B52	PhD		mentee135@email.com	
P049	name136	C02	E02	E07	E33	C07	PhD		mentee136@email.com	
P050	name137	E07	E02	E08	E14	E15	PhD		mentee137@email.com	
P051	name138	A55	A19	A64	A18	A02	PhD		mentee138@email.com	
P052	name139	B01	B40	B42	B59	B48	PhD		mentee139@email.com	
P053	name140	E07	E09	E08	C09	C08	PhD		mentee140@email.com	
P054	name141	B40	B12	B46	B07	D16	PhD		mentee141@email.com	
P055	name142	E32	E33	C17	C15	C16	PhD		mentee142@email.com	
P056	name143	C02	C07	C12	C06		PhD		mentee143@email.com	
P057	name144	D01	D13	D09	D03	B54	PhD		mentee144@email.com	
P058	name145	A12	A15	A08	A06	A13	PhD		mentee145@email.com	
P059	name146	C22	C26	C13	C25	C27	PhD		mentee146@email.com	
P060	name147	A55	A19	A02	A61	A64	PhD		mentee147@email.com	
P061	name148	B40	B42	B43	B30	E25	PhD		mentee148@email.com	
P062	name149	E02	E06	C03	C02	B31	PhD		mentee149@email.com	
P063	name150	B38	B23	B15	B31	B40	PhD		mentee150@email.com	
P064	name151	D11	D16	B07	B46	B54	PhD		mentee151@email.com	
P065	name152	A30	A28	A29	A09	A12	PhD		mentee152@email.com	
P066	name153	E12	E18	E11	E22	E17	PhD		mentee153@email.com	
P067	name154	A34	A15	A32	A31	A62	PhD		mentee154@email.com	
P068	name155	B40	B59	D17	B30	B12	PhD		mentee155@email.com	
P069	name156	A33	A35	A37	A34	A36	PhD		mentee156@email.com	
P070	name157	B39	B43	B42	B40	B41	PhD		mentee157@email.com	
P071	name158	B12	D04	B07	B17	B04	PhD		mentee158@email.com	
P072	name159	B31	B08	B23	D04	B20	PhD		mentee159@email.com	
P073	name160	A09	A14	A15	A01	A11	PhD		mentee160@email.com	
P074	name161	D07	D11	D12	D13	D05	PhD		mentee161@email.com	
P075	name162	A11	A07	A10	A29	A14	PhD		mentee162@email.com	
P076	name163	E01	E27	E19	E25	E26	PhD		mentee163@email.com	
P077	name164	A01	A06	A12	A07	A11	PhD		mentee164@email.com	
P078	name165	E01	E22	E25	E12	E19	PhD		mentee165@email.com	
P079	name166	D16	D21	D13	D17	D22	PhD		mentee166@email.com	
P080	name167	A15	A59	A58	E22	A57	PhD		mentee167@email.com	
P081	name168	E25	E01	B46	E26	E22	PhD		mentee168@email.com	
P082	name169	A09	B07	D16	B53	A15	PhD		mentee169@email.com	
P083	name170	B53	D04	B03	B30	B23	PhD		mentee170@email.com	
P084	name171	E12		A13		A47	PhD		mentee171@email.com	
P085	name172	A02	E01	A18	A52	E16	PhD		mentee172@email.com	
P086	name173	B07	B46	E05	B04	B12	PhD		mentee173@email.com	
P087	name174	E20	E18	E17	E25	E23	PhD		mentee174@email.com	
P088	name175	E09	C19	C27	E07	E05	PhD		mentee175@email.com	
P089	name176	A02	A34	A03	A32	A64	PhD		mentee176@email.com	
P090	name177	B15	B40	B38	B23	B39	PhD		mentee177@email.com	
P091	name178	A52	A51	A53	A03	A04	PhD		mentee178@email.com	
P092	name179	D04	B23	B08	B04	B11	PhD		mentee179@email.com	
P093	name180	E01	E20	E25	E26	E22	PhD		mentee180@email.com	
P094	name181	A01	A56	A40	A46	A64	PhD		mentee181@email.com	
P095	name182	E09	B32	B07	A40	C09	PhD		mentee182@email.com	
P096	name183	C20	C13	C21	C19	C17	PhD		mentee183@email.com	
P097	name184	B40	D12	B03	D11	B42	PhD		mentee184@email.com	
P098	name185	D02	D08	D13	B59	B36	PhD		mentee185@email.com	
P099	name186	B45	B44	B05	B20	B23	PhD		mentee186@email.com	
P100	name187	E14	E15	D17			PhD		mentee187@email.com	
P101	name188	E17	E30	E18	E27	E23	PhD		mentee188@email.com	
P102	name189	C22	C25	C20	C27	C21	PhD		mentee189@email.com	
P103	name190	E33	E32	E34	E16	E02	PhD		mentee190@email.com	
P104	name191	E22	E19	E01	E25	E30	PhD		mentee191@email.com	
P105	name192	E02	E04	E09	C14	C09	PhD		mentee192@email.com	
P106	name193	E23	D13	E20	D02	C29	PhD		mentee193@email.com	
P107	name194	B46	B53	B12	A57	D16	PhD		mentee194@email.com	
P108	name195	D11	D07	D17	D15	D20	PhD		mentee195@email.com	
P109	name196	A34	A35	A36	A39	A18	PhD		mentee196@email.com	
P110	name197	D03	D05	D21	D04	D06	PhD		mentee197@email.com	
P111	name198	B40	D16	B12	B07	B48	PhD		mentee198@email.com	
P112	name199	C27	C26	C23	C19	C25	PhD		mentee199@email.com	
P113	name200	A20	A47	A43	A67	E12	PhD		mentee200@email.com	
P114	name201	E08	E05	E16	E10	E15	PhD		mentee201@email.com	
P115	name202	E30	E09	E28	E29	E05	PhD		mentee202@email.com	
P116	name203	B56	B46	B53	E05	B59	PhD		mentee203@email.com	
P117	name204	C21	B12	E05	B36	B07	PhD		mentee204@email.com	
P118	name205	C30	D15	B14	E13	E21	PhD		mentee205@email.com	
P119	name206	C11	C08	C10	C09	C12	PhD		mentee206@email.com	
P120	name207	B39	B38	B15	B18	B37	PhD		mentee207@email.com	
P121	name208	B27	B44	B40	B42	B14	PhD		mentee208@email.com	
P122	name209	D07	D11	D12			PhD		mentee209@email.com	
P123	name210	B45	B05	B44	B50	B10	PhD		mentee210@email.com	
P124	name211	E14	E20	C18	E02	E03	PhD		mentee211@email.com	
P125	name212	E01	E23	E30	E17	E22	PhD		mentee212@email.com	
P126	name213	A01	A16	A07	A14	A06	PhD		mentee213@email.com	
P127	name214	E12	E30	E13	E09	E01	PhD		mentee214@email.com	
P128	name215	A12	A06	A10	A14	A11	PhD		mentee215@email.com	
P129	name216	B40	B15	B24	C10	B42	PhD		mentee216@email.com	
P130	name217	D16	B41	B59	B43	B42	PhD		mentee217@email.com	
P131	name218	E02	E03	E09	E07	E32	PhD		mentee218@email.com	
P132	name219	E09	E30	E20	E12	E19	PhD		mentee219@email.com	
P133	name220	A02	A62	A61	A40	A18	PhD		mentee220@email.com	
P134	name221	B39	B21	B35	D04	B40	PhD		mentee221@email.com	
P135	name222	D13	A42	D02	D01	D09	PhD		mentee222@email.com	
P136	name223	B07	B54	B04	B12	B36	PhD		mentee223@email.com	
P137	name224	B32	B39	B03	B53	B04	PhD		mentee224@email.com	
P138	name225	B30	B46	B12	B59	E13	PhD		mentee225@email.com	
P139	name226	C28	C20	C13	C25	C30	PhD		mentee226@email.com	
P140	name227	A66	E11	E19	D13	D16	PhD		mentee227@email.com	
P141	name228	D09	D01	D03	D22	D02	PhD		mentee228@email.com	
P142	name229	B56	B19	B06	B03	B04	PhD		mentee229@email.com	
P143	name230	B39	B06	B14	B21	B27	PhD		mentee230@email.com	
P144	name231	C07	C12	C02	C11	C03	PhD		mentee231@email.com	
P145	name232	D08	D04	B37	B08	B23	PhD		mentee232@email.com	
P146	name233	B28	C11	B12	B38	B09	PhD		mentee233@email.com	
